row/col,1,2,3,4,5,6,7,8,9,10,11,12,13,14,15,16,17,18,19,20,21,22,23,24,25,26,27,28,29,30,31,32,33,34,35,36,37,38,39,40,41,42,43,44,45,46,47,48,49,50,51,52,53,54,55,56,57,58,59,60,61,62,63,64,65,66,67,68,69,70,71,72,73,74,75,76,77,78,79,80
1,,,,,,,,,,,,,,,,,,,,,,,,,,,,,,,,,,,,,,,,,,,,,,,,,,,,,,,,,,,,,,,,,,,,,,,,,,,,,,,,
2,,,,,,,,,,,,,,,,,,,,,,,,,,,,,,,,,,,,,,,,,,,,,,,,,,,,,,,,,,,,,,,,,,,,,,,,,,,,,,,,
3,,,,,,,,,,,,,,,,,,,,,,,,,,,,,,,,,,,,,,,,,,,,,,,,,,,,,,,,,,,,,,,,,,,,,,,,,,,,,,,,
4,,,,,,,,,,,,,,,,,,,,,,,,,,,,,,,,,,,,,,,,,,,,,,,,,,,,,,,,,,,,,,,,,,,,,,,,,,,,,,,,
5,,,,,,,,,,,,,,,,,,,,,,,,,,,,,,,,,,,,,,,,,,,,,,,,,,,,,,,,,,,,,,,,,,,,,,,,,,,,,,,,
6,,,,,,,,,,,,,,,,,,,,,,,,,,,,,,,,,,,,,,,,,,,,,,,,,,,,,,,,,,,,,,,,,,,,,,,,,,,,,,,,
7,,,,,,,,,,,,,,,,,,,,,,,,,,,,,,,,,,,,,,,,,,,,,,,,,,,,,,,,,,,,,,,,,,,,,,,,,,,,,,,,
8,,,,,,,,,,,,,,,,,,,,,,,,,,,,,,S27,S27,,,,,,,,,,,,,,,,,,,,,,,,,,,,,,,,,,,,,,,,,,,,,,,,,
9,,,,,,,,,,,,,,,,,,,,,,,,,,,,,,S27,S27,,,,,,,,,,,,,,,,,,,,,,,,,,,,,,,,,,,,,,,,,,,,,,,,,
10,,,,,,,,,,,,,,,,,,,,,,,,,,,,,,S27,S27,S27,,,,,,,,,,,,S54,,,,,,,,,,,,,,,,,,,,,,,,,,,,,,,,,,,,
11,,,,,,,,,,,,,,,,,,,,,,,,,,,,,,S27,S27,S27,,,,,,,,,,,S54,S54,,,,,,,,,,,,,,,,,,,,,,,,,,,,,,,,,,,,
12,,,,,,,,,,,,,,,,,,,,,,,,,,,,,,S27,S27,S27,,,,,,,,,,,S54,S54,,,,S54,S54,S54,S54,,,,,,,,,,,,,,,,,,,,,,,,,,,,,
13,,,,,,,,,,,,,,,,,,,,,,,,,,,,,,S27,S27,S27,,,,,,,,,,S54,S54,S54,,,S54,S54,S54,S54,S54,S54,S54,,,,,,,,,,,,,,,,,,,,,,,,,,,
14,,,,,,,,,,,,,,,,,,,,,,,,,,,,,,S27,S27,S27,S27,,,S27,S27,,,,S54,S54,S54,S54,S54,S54,S54,S54,,,,S54,S54,,,,,,,,,,,,,,,,,,,,,,,,,,,
15,,,,,,,,,,,,,,,,,,,,,,,,,,,,,,S27,S27,S27,S27,S27,S27,S27,S27,,,S54,S54,,S54,S54,S54,S54,S54,,,,,,S54,,,,,,,,,,,,,,,,,,,,,,,,,,,
16,,,,,,,,,,,,,,,,,,,,,,,,,,,,,,S27,S27,S27,S27,S27,S27,S27,S27,,,,,S54,S54,S54,,,S54,S54,S54,S54,S54,S54,S54,S54,,,,,,,,,,,,,,,,,,,,,,,,,,
17,,,,,,,,,,,,,,,,,,,,,,,,,,,,,,S27,S27,S27,S27,S27,S27,S27,S27,,,,,S54,S54,S54,,,S54,S54,S54,S54,S54,S54,S54,S54,,,,,,,,,,,,,,,,,,,,,,,,,,
18,,,,,,,,,,,,,,,,,,,,,,,,,,,,,,S27,S27,S27,S27,S27,S27,S27,S27,,,,,S54,S54,,,,S54,S54,,,,,,,,,,,,,,,,,,,,,,,,,,,,,,,,
19,,,,,,,,,,,,,,,,,,,,,,,,,,,,,,,S27,S27,S27,S27,S27,S27,S27,,,,,S54,,,,,S54,,,,,,,,,,,,,,,,,,,,,,,,,,,,,,,,,
20,,,,,,,,,,,,,,,,,,,,,,,,,,,,,,,,S27,S27,,S27,S27,S27,,,,,S13,S13,S13,S13,S54,S54,,,,,,,,,,,,,,,,,,,,,,,,,,,,,,,,,
21,,,,,,,,,,,,,,,,,,,,,,,,,,,,,,,,,,,S27,S27,,S13,S13,S13,S13,S13,S13,S13,S13,S13,S13,S13,S13,S13,,,,,,,,,,,,,,,,,,,,,,,,,,,,,,
22,,,,,,,,,,,,,,,,,,,,,,,,,,,,,,,,,,,,S13,S159,S159,S159,S78,S01,S01,S01,S01,S01,S01,S78,S159,S159,S13,S13,S13,,,,,,,,,,,,,,,,,,,,,,,,,,,,
23,,,,,,,,,,,,,,,,,,,,,,,,,,,,,,,,,S13,S13,S159,S13,S78,S01,S01,S01,S01,S01,S01,S01,S01,S01,S01,S01,S01,S01,S159,S13,S13,S13,,,,,,,,,,,,,,,,,,,,,,,,,,
24,,,,,,,,,,,,,,,,,,,,,,,,,,,,,,,,S13,S13,S159,S01,S01,S01,S01,S01,S01,S01,S01,S01,S01,S01,S01,S01,S01,S01,S01,S01,S78,S159,S13,S13,,,,,,,,,,,,,,,,,,,,,,,,,
25,,,,,,,,,,,,,,,,,,,,,,,,,,,,,,S13,S13,S159,S01,S01,S01,S01,S01,S01,S01,S01,S01,S01,S01,S01,S01,S01,S01,S01,S01,S01,S01,S01,S54,S78,S159,S13,,,,,,,,,,,,,,,,,,,,,,,,
26,,,,,,,,,,,,,,,,,,,,,,,,,,,,,S13,S13,S78,S01,S01,S01,S01,S01,S01,S01,S01,S01,S01,S01,S01,S01,S01,S01,S01,S01,S01,S01,S01,S01,S54,S78,S01,S159,S13,,,,,,,,,,,,,,,,,,,,,,,
27,,,,,,,,,,,,,,,S13,S13,S13,S13,,,,,,,,,,S13,S13,S78,S01,S01,S01,S01,S01,S01,S01,S01,S01,S01,S01,S01,S01,S01,S01,S01,S01,S01,S01,S01,S78,S54,S01,S78,S54,S54,S159,S13,,,,,,,,,,,,,,,,,,,,,,
28,,,,,,,,,,,,,,,S13,S159,S78,S13,,,,,,,,,S13,S13,S78,S01,S01,S01,S01,S01,S01,S01,S01,S01,S01,S01,S01,S01,S01,S01,S01,S01,S01,S01,S01,S78,S78,S01,S01,S01,S01,S01,S01,S159,S13,,,,,,,,,,,,,,,,,,,,,
29,,,,,,,,,,,,,,,S13,S78,S01,S159,S13,,,,,,,S13,S13,S78,S01,S01,S01,S01,S01,S01,S01,S01,S01,S01,S01,S01,S01,S01,S01,S01,S01,S01,S01,S54,S78,S78,S01,S01,S01,S01,S01,S01,S01,S01,S13,S13,,,,,,,,,,,,,,,,,,,,
30,,,,,,,,,,,,,,,S13,S159,S01,S78,S13,,,,,,,S13,S159,S01,S01,S01,S01,S01,S01,S01,S01,S01,S01,S01,S01,S01,S01,S01,S01,S01,S01,S01,S01,S78,S54,S01,S01,S01,S01,S01,S01,S01,S01,S01,S159,S13,,,,,,,,,,,,,,,,,,,,
31,,,,,,,,,,,,,,,S13,S13,S01,S01,S13,,,,,,S13,S13,S01,S01,S01,S01,S01,S01,S01,S01,S78,S13,S78,S01,S01,S01,S01,S01,S01,S01,S01,S01,S01,S78,S78,S01,S01,S01,S01,S01,S01,S01,S78,S54,S78,S159,S13,,,,,,,,,,,,,,,,,,,
32,,,,,,,,,,,,,,S13,S13,S159,S159,S159,S13,S13,S13,,,,S13,S78,S01,S01,S01,S01,S01,S01,S01,S01,S01,S78,S13,S159,S01,S01,S01,S01,S01,S01,S01,S01,S01,S78,S159,S78,S01,S01,S01,S01,S78,S54,S78,S01,S01,S78,S13,,,,,,,,,,,,,,,,,,,
33,,,,,,,,,,,,,S13,S159,S01,S78,S13,S78,S01,S159,S13,,,S13,S159,S01,S01,S01,S01,S01,S01,S01,S01,S01,S01,S01,S01,S159,S01,S01,S01,S01,S01,S01,S01,S78,S159,S13,S159,S78,S01,S01,S01,S78,S78,S78,S01,S01,S01,S01,S159,S13,,,,,,,,,,,,,,,,,,
34,,,,,,,,,,,,,S13,S01,S01,S159,S78,S01,S01,S01,S13,,,S13,S78,S01,S01,S01,S01,S78,S01,S01,S01,S01,S01,S01,S01,S01,S01,S01,S01,S01,S01,S01,S01,S159,S159,S01,S01,S01,S01,S01,S01,S01,S78,S01,S01,S01,S01,S01,S78,S13,,,,,,,,,,,,,,,,,,
35,,,,,,,,,,,,,S13,S01,S01,S78,S13,S159,S78,S01,S13,,S13,S13,S01,S01,S01,S01,S78,S13,S13,S13,S13,S159,S159,S159,S78,S78,S01,S01,S01,S01,S01,S01,S01,S01,S01,S01,S01,S01,S01,S01,S01,S01,S01,S01,S01,S01,S01,S01,S01,S13,S13,,,,,,,,,,,,,,,,,
36,,,,,,,,,,,,,S13,S78,S01,S01,S78,S78,S01,S159,S13,,S13,S159,S01,S01,S01,S01,S01,S13,S01,S78,S13,S13,S13,S13,S13,S13,S01,S01,S01,S01,S01,S01,S78,S159,S159,S78,S78,S78,S01,S01,S01,S01,S01,S01,S01,S01,S01,S01,S01,S159,S13,,,,,,,,,,,,,,,,,
37,,,,,,,,,,,,,S13,S13,S159,S01,S01,S01,S01,S159,S13,,S13,S78,S01,S01,S01,S01,S01,S13,S01,S01,S159,S13,S13,S159,S01,S13,S01,S01,S01,S01,S01,S01,S13,S159,S13,S13,S13,S13,S13,S13,S13,S159,S01,S01,S01,S01,S01,S01,S01,S159,S13,,,,,,,,,,,,,,,,,
38,,,,,,,,,,,,,,S13,S13,S13,S78,S01,S01,S78,S13,S13,S13,S01,S01,S01,S01,S01,S01,S159,S159,S01,S01,S78,S78,S01,S159,S159,S01,S01,S01,S01,S01,S01,S13,S01,S01,S13,S13,S13,S159,S78,S159,S159,S01,S01,S01,S01,S01,S01,S01,S78,S13,,,,,,,,,,,,,,,,,
39,,,,,,,,,,,,,,,,S13,S159,S01,S01,S01,S159,S13,S13,S01,S01,S01,S01,S01,S19,S19,S13,S159,S01,S01,S01,S159,S13,S01,S01,S01,S01,S78,S78,S01,S159,S78,S01,S78,S159,S159,S01,S01,S13,S78,S01,S01,S01,S01,S01,S01,S01,S78,S13,,,,,,,,,,,,,,,,,
40,,,,,,,,,,,,,,,,,S13,S78,S01,S01,S01,S159,S159,S01,S01,S01,S01,S01,S19,S19,S19,S159,S13,S13,S13,S159,S78,S01,S78,S13,S13,S159,S78,S01,S78,S159,S01,S01,S01,S01,S01,S159,S159,S01,S01,S01,S01,S01,S01,S01,S01,S01,S13,,,,,,,,,,,,,,,,,
41,,,,,,,,,,,,,,,,,S13,S13,S78,S01,S01,S159,S13,S78,S01,S01,S01,S01,S01,S19,S19,S19,S19,S19,S01,S01,S01,S01,S01,S01,S01,S01,S01,S01,S01,S01,S159,S159,S159,S159,S159,S159,S19,S19,S01,S01,S01,S01,S01,S01,S01,S01,S13,,,,,,,,,,,,,,,,,
42,,,,,,,,,,,,,,,,,,S13,S13,S78,S78,S159,S159,S78,S78,S01,S01,S01,S01,S01,S19,S19,S01,S01,S01,S01,S01,S01,S01,S01,S01,S01,S01,S01,S01,S01,S01,S78,S159,S159,S78,S19,S19,S19,S01,S01,S01,S01,S01,S01,S01,S01,S13,,,,,,,,,,,,,,,,,
43,,,,,,,,,,,,,,,,,,,S13,S13,S159,S13,S159,S78,S78,S78,S78,S01,S01,S01,S01,S01,S01,S01,S01,S01,S01,S01,S01,S01,S01,S01,S01,S01,S01,S01,S01,S01,S19,S19,S19,S19,S19,S01,S01,S01,S01,S01,S01,S01,S78,S159,S13,,,,,,,,,,,,,,,,,
44,,,,,,,,,,,,,,,,,,,,,S13,S13,S159,S78,S78,S78,S78,S78,S78,S78,S01,S01,S01,S01,S01,S01,S01,S01,S01,S01,S01,S01,S01,S01,S01,S01,S01,S01,S01,S01,S01,S01,S01,S01,S01,S01,S01,S01,S78,S78,S159,S159,S13,,,,,,,,,,,,,,,,,
45,,,,,,,,,,,,,,,,,,,,,,S13,S159,S78,S78,S78,S54,S78,S78,S78,S78,S78,S78,S78,S01,S01,S01,S01,S01,S01,S01,S01,S01,S01,S01,S01,S01,S01,S01,S01,S01,S01,S01,S01,S78,S78,S78,S78,S78,S78,S13,S13,S13,S13,,,,,,,,,,,,,,,,
46,,,,,,,,,,,,,,,,,,,,,,S13,S159,S78,S78,S78,S54,S54,S78,S78,S78,S78,S78,S78,S78,S78,S78,S78,S78,S78,S78,S78,S78,S78,S78,S78,S78,S78,S78,S78,S78,S78,S78,S78,S78,S78,S78,S78,S78,S159,S13,S01,S78,S159,S13,,,,,,,,,,,,,,,
47,,,,,,,,,,,,,,,,,,,,,,S13,S159,S78,S78,S78,S78,S78,S78,S78,S54,S54,S54,S78,S78,S78,S78,S78,S78,S78,S78,S78,S78,S78,S78,S78,S78,S78,S78,S78,S54,S78,S78,S78,S78,S78,S78,S78,S78,S159,S159,S01,S01,S01,S159,S13,,,,,,,,,,,,,,
48,,,,,,,,,,,,,,,,,,,,,,S13,S13,S78,S78,S78,S78,S78,S78,S78,S78,S78,S78,S78,S78,S78,S54,S54,S78,S78,S78,S78,S78,S78,S78,S78,S78,S78,S78,S78,S54,S78,S78,S78,S78,S78,S78,S78,S78,S78,S13,S13,S78,S01,S01,S13,S13,,,,,,,,,,,,,
49,,,,,,,,,,,,,,,,,,,,,,,S13,S78,S78,S78,S78,S78,S78,S01,S78,S78,S78,S78,S78,S78,S78,S78,S78,S78,S78,S78,S78,S78,S78,S78,S78,S78,S78,S78,S54,S78,S78,S78,S78,S78,S78,S78,S78,S159,S13,S159,S01,S01,S01,S159,S13,,,,,,,,,,,,,
50,,,,,,,,,,,,,,,,,,,,,,,S13,S159,S78,S78,S78,S78,S78,S01,S01,S78,S78,S01,S78,S78,S78,S78,S01,S78,S78,S78,S78,S78,S78,S78,S78,S78,S78,S78,S78,S78,S54,S78,S78,S78,S78,S159,S13,S13,S159,S01,S01,S01,S78,S13,,,,,,,,,,,,,,
51,,,,,,,,,,,,,,,,,,,,,,,S13,S13,S78,S78,S78,S78,S01,S01,S01,S78,S78,S01,S01,S78,S78,S01,S01,S78,S78,S78,S01,S78,S78,S78,S78,S01,S78,S78,S78,S78,S54,S78,S78,S78,S159,S13,S01,S01,S01,S01,S01,S78,S13,S13,,,,,,,,,,,,,,
52,,,,,,,,,,,,,,,,,,,,,,,,S13,S78,S78,S78,S78,S78,S78,S01,S78,S01,S01,S01,S78,S78,S01,S01,S78,S78,S01,S01,S01,S78,S78,S01,S01,S78,S78,S78,S78,S54,S78,S78,S78,S13,S78,S01,S01,S01,S01,S78,S13,S13,,,,,,,,,,,,,,,
53,,,,,,,,,,,,,,,,,,,,,,,,S13,S13,S78,S78,S78,S78,S78,S01,S01,S01,S78,S01,S78,S01,S01,S01,S01,S78,S01,S78,S01,S78,S78,S01,S01,S01,S78,S78,S78,S78,S78,S78,S78,S13,S01,S01,S01,S01,S78,S13,S13,,,,,,,,,,,,,,,,
54,,,,,,,,,,,,,,,,,,,,,,,,,S13,S159,S78,S78,S78,S78,S01,S01,S78,S78,S01,S01,S01,S78,S78,S01,S78,S01,S78,S01,S78,S01,S78,S78,S78,S78,S78,S78,S78,S78,S78,S78,S13,S78,S01,S01,S01,S78,S13,S13,,,,,,,,,,,,,,,,
55,,,,,,,,,,,,,,,,,,,,,,,,,S13,S13,S78,S78,S78,S78,S78,S01,S78,S78,S78,S01,S01,S78,S78,S01,S01,S78,S78,S01,S01,S01,S78,S78,S78,S78,S78,S78,S54,S78,S78,S78,S159,S13,S78,S01,S01,S78,S13,,,,,,,,,,,,,,,,,
56,,,,,,,,,,,,,,,,,,,,,,,,,,S13,S13,S78,S78,S78,S78,S78,S78,S78,S78,S01,S78,S78,S78,S01,S01,S78,S78,S78,S01,S01,S78,S78,S78,S78,S78,S78,S54,S78,S78,S78,S159,S13,S13,S159,S159,S13,S13,,,,,,,,,,,,,,,,,
57,,,,,,,,,,,,,,,,,,,,,,,,,,,S13,S13,S78,S78,S78,S78,S78,S78,S78,S78,S78,S78,S78,S78,S78,S78,S78,S78,S01,S78,S78,S78,S78,S78,S78,S78,S54,S78,S78,S78,S159,S13,,S13,S13,,,,,,,,,,,,,,,,,,,
58,,,,,,,,,,,,,,,,,,,,,,,,,,,,S13,S13,S78,S78,S78,S78,S78,S78,S78,S78,S78,S78,S78,S78,S78,S78,S78,S78,S78,S78,S78,S78,S78,S78,S78,S54,S78,S78,S13,S13,,,,,,,,,,,,,,,,,,,,,,,
59,,,,,,,,,,,,,,,,,,,,,,,,,,,,,S13,S13,S159,S78,S78,S78,S78,S78,S78,S78,S78,S78,S78,S78,S78,S78,S78,S78,S78,S78,S78,S78,S78,S78,S159,S159,S13,S13,,,,,,,,,,,,,,,,,,,,,,,,
60,,,,,,,,,,,,,,,,,,,,,,,,,,,,,,S13,S13,S13,S54,S78,S78,S78,S54,S54,S54,S54,S54,S54,S54,S78,S78,S78,S78,S78,S78,S78,S78,S159,S159,S13,S13,,,,,,,,,,,,,,,,,,,,,,,,,
61,,,,,,,,,,,,,,,,,,,,,,,,,,,,,,,S13,S13,S13,S13,S159,S78,S78,S78,S78,S78,S78,S78,S54,S78,S78,S78,S78,S78,S78,S78,S159,S13,S13,S13,,,,,,,,,,,,,,,,,,,,,,,,,,
62,,,,,,,,,,,,,,,,,,,,,,,,,,,,,,,S13,S159,S78,S159,S13,S13,S159,S159,S159,S78,S78,S78,S78,S78,S78,S78,S159,S159,S159,S13,S13,S13,,,,,,,,,,,,,,,,,,,,,,,,,,,,
63,,,,,,,,,,,,,,,,,,,,,,,,,,,,,,,S13,S159,S01,S78,S78,S159,S159,S13,S13,S13,S13,S13,S13,S13,S13,S13,S13,S13,S159,S159,S159,S13,,,,,,,,,,,,,,,,,,,,,,,,,,,,
64,,,,,,,,,,,,,,,,,,,,,,,,,,,,,S13,S13,S159,S78,S01,S01,S01,S78,S78,S13,,,S13,S13,S13,S13,S13,S13,S78,S78,S78,S01,S78,S159,S13,S13,S13,,,,,,,,,,,,,,,,,,,,,,,,,
65,,,,,,,,,,,,,,,,,,,,,,,,,,,,S13,S159,S01,S01,S01,S01,S01,S01,S01,S78,S13,,,,,,,,S13,S78,S01,S01,S01,S01,S01,S01,S159,S13,S13,,,,,,,,,,,,,,,,,,,,,,,,
66,,,,,,,,,,,,,,,,,,,,,,,,,,,S13,S13,S01,S01,S01,S01,S01,S01,S01,S01,S78,S13,,,,,,,,S13,S01,S01,S01,S01,S01,S01,S01,S01,S159,S13,,,,,,,,,,,,,,,,,,,,,,,,
67,,,,,,,,,,,,,,,,,,,,,,,,,,,S13,S13,S78,S01,S01,S01,S01,S01,S78,S159,S13,S13,,,,,,,,S13,S159,S78,S01,S01,S01,S01,S01,S01,S159,S13,,,,,,,,,,,,,,,,,,,,,,,,
68,,,,,,,,,,,,,,,,,,,,,,,,,,,,S13,S13,S13,S13,S13,S13,S13,S13,S13,S13,,,,,,,,,,S13,S13,S13,S13,S159,S159,S159,S13,S13,S13,,,,,,,,,,,,,,,,,,,,,,,,
69,,,,,,,,,,,,,,,,,,,,,,,,,,,,,,,,,,,,,,,,,,,,,,,,,,S13,S13,S13,S13,S13,,,,,,,,,,,,,,,,,,,,,,,,,,
70,,,,,,,,,,,,,,,,,,,,,,,,,,,,,,,,,,,,,,,,,,,,,,,,,,,,,,,,,,,,,,,,,,,,,,,,,,,,,,,,
71,,,,,,,,,,,,,,,,,,,,,,,,,,,,,,,,,,,,,,,,,,,,,,,,,,,,,,,,,,,,,,,,,,,,,,,,,,,,,,,,
72,,,,,,,,,,,,,,,,,,,,,,,,,,,,,,,,,,,,,,,,,,,,,,,,,,,,,,,,,,,,,,,,,,,,,,,,,,,,,,,,
73,,,,,,,,,,,,,,,,,,,,,,,,,,,,,,,,,,,,,,,,,,,,,,,,,,,,,,,,,,,,,,,,,,,,,,,,,,,,,,,,
74,,,,,,,,,,,,,,,,,,,,,,,,,,,,,,,,,,,,,,,,,,,,,,,,,,,,,,,,,,,,,,,,,,,,,,,,,,,,,,,,
75,,,,,,,,,,,,,,,,,,,,,,,,,,,,,,,,,,,,,,,,,,,,,,,,,,,,,,,,,,,,,,,,,,,,,,,,,,,,,,,,
76,,,,,,,,,,,,,,,,,,,,,,,,,,,,,,,,,,,,,,,,,,,,,,,,,,,,,,,,,,,,,,,,,,,,,,,,,,,,,,,,
77,,,,,,,,,,,,,,,,,,,,,,,,,,,,,,,,,,,,,,,,,,,,,,,,,,,,,,,,,,,,,,,,,,,,,,,,,,,,,,,,
78,,,,,,,,,,,,,,,,,,,,,,,,,,,,,,,,,,,,,,,,,,,,,,,,,,,,,,,,,,,,,,,,,,,,,,,,,,,,,,,,
79,,,,,,,,,,,,,,,,,,,,,,,,,,,,,,,,,,,,,,,,,,,,,,,,,,,,,,,,,,,,,,,,,,,,,,,,,,,,,,,,
80,,,,,,,,,,,,,,,,,,,,,,,,,,,,,,,,,,,,,,,,,,,,,,,,,,,,,,,,,,,,,,,,,,,,,,,,,,,,,,,,
