短色号,官方色号,类型,R,G,B,HEX
A1,MA1,opaque,255,246,212,#FFF6D4
A2,MA2,opaque,246,249,229,#F6F9E5
A3,MA3,opaque,255,251,170,#FFFBAA
A4,MA4,opaque,255,223,88,#FFDF58
A5,MA5,opaque,254,207,77,#FECF4D
A6,MA6,opaque,255,168,12,#FFA80C
A7,MA7,opaque,255,136,55,#FF8837
A8,MA8,opaque,234,196,49,#EAC431
A9,MA9,opaque,241,170,143,#F1AA8F
A10,MA10,opaque,255,143,66,#FF8F42
A11,MA11,opaque,255,225,161,#FFE1A1
A12,MA12,opaque,244,179,156,#F4B39C
A13,MA13,opaque,255,177,0,#FFB100
A14,MA14,opaque,255,101,16,#FF6510
A15,MA15,opaque,218,240,92,#DAF05C
A16,MA16,opaque,249,251,190,#F9FBBE
A17,MA17,opaque,255,217,118,#FFD976
A18,MA18,opaque,255,202,154,#FFCA9A
A19,MA19,opaque,236,122,146,#EC7A92
A20,MA20,opaque,229,190,85,#E5BE55
A21,MA21,opaque,255,229,150,#FFE596
A22,MA22,opaque,247,232,152,#F7E898
A23,MA23,opaque,240,203,177,#F0CBB1
A24,MA24,opaque,245,252,209,#F5FCD1
A25,MA25,opaque,246,212,135,#F6D487
A26,MA26,opaque,255,203,75,#FFCB4B
B1,MB1,opaque,210,227,24,#D2E318
B2,MB2,opaque,121,205,65,#79CD41
B3,MB3,opaque,130,215,161,#82D7A1
B4,MB4,opaque,101,223,79,#65DF4F
B5,MB5,opaque,95,200,115,#5FC873
B6,MB6,opaque,73,209,174,#49D1AE
B7,MB7,opaque,0,150,150,#009696
B8,MB8,opaque,8,119,79,#08774F
B9,MB9,opaque,24,56,35,#183823
B10,MB10,opaque,131,207,195,#83CFC3
B11,MB11,opaque,90,106,39,#5A6A27
B12,MB12,opaque,4,95,69,#045F45
B13,MB13,opaque,226,255,179,#E2FFB3
B14,MB14,opaque,157,209,46,#9DD12E
B15,MB15,opaque,37,75,60,#254B3C
B16,MB16,opaque,208,252,173,#D0FCAD
B17,MB17,opaque,140,161,42,#8CA12A
B18,MB18,opaque,210,217,88,#D2D958
B19,MB19,opaque,73,188,169,#49BCA9
B20,MB20,opaque,232,253,236,#E8FDEC
B21,MB21,opaque,24,139,129,#188B81
B22,MB22,opaque,12,92,91,#0C5C5B
B23,MB23,opaque,61,70,27,#3D461B
B24,MB24,opaque,234,252,182,#EAFCB6
B25,MB25,opaque,83,135,113,#538771
B26,MB26,opaque,138,122,64,#8A7A40
B27,MB27,opaque,210,222,182,#D2DEB6
B28,MB28,opaque,159,244,194,#9FF4C2
B29,MB29,opaque,187,215,71,#BBD747
B30,MB30,opaque,245,255,230,#F5FFE6
B31,MB31,opaque,191,225,194,#BFE1C2
B32,MB32,opaque,159,186,92,#9FBA5C
C1,MC1,opaque,213,227,222,#D5E3DE
C2,MC2,opaque,187,241,244,#BBF1F4
C3,MC3,opaque,115,192,223,#73C0DF
C4,MC4,opaque,51,179,225,#33B3E1
C5,MC5,opaque,0,163,202,#00A3CA
C6,MC6,opaque,88,160,217,#58A0D9
C7,MC7,opaque,5,136,204,#0588CC
C8,MC8,opaque,0,95,158,#005F9E
C9,MC9,opaque,8,111,185,#086FB9
C10,MC10,opaque,82,180,224,#52B4E0
C11,MC11,opaque,0,169,185,#00A9B9
C12,MC12,opaque,28,55,90,#1C375A
C13,MC13,opaque,206,224,240,#CEE0F0
C14,MC14,opaque,235,245,244,#EBF5F4
C15,MC15,opaque,0,170,173,#00AAAD
C16,MC16,opaque,0,76,125,#004C7D
C17,MC17,opaque,91,212,246,#5BD4F6
C18,MC18,opaque,54,81,92,#36515C
C19,MC19,opaque,15,144,157,#0F909D
C20,MC20,opaque,0,132,183,#0084B7
C21,MC21,opaque,221,236,250,#DDECFA
C22,MC22,opaque,132,186,194,#84BAC2
C23,MC23,opaque,203,219,219,#CBDBDB
C24,MC24,opaque,136,189,226,#88BDE2
C25,MC25,opaque,179,236,224,#B3ECE0
C26,MC26,opaque,62,158,191,#3E9EBF
C27,MC27,opaque,233,240,243,#E9F0F3
C28,MC28,opaque,194,205,227,#C2CDE3
C29,MC29,opaque,88,107,143,#586B8F
D1,MD1,opaque,114,146,226,#7292E2
D2,MD2,opaque,110,140,204,#6E8CCC
D3,MD3,opaque,19,65,154,#13419A
D4,MD4,opaque,30,49,117,#1E3175
D5,MD5,opaque,184,80,178,#B850B2
D6,MD6,opaque,173,146,233,#AD92E9
D7,MD7,opaque,95,45,145,#5F2D91
D8,MD8,opaque,215,205,241,#D7CDF1
D9,MD9,opaque,189,178,230,#BDB2E6
D10,MD10,opaque,37,27,88,#251B58
D11,MD11,opaque,162,187,231,#A2BBE7
D12,MD12,opaque,207,139,190,#CF8BBE
D13,MD13,opaque,184,0,150,#B80096
D14,MD14,opaque,161,55,167,#A137A7
D15,MD15,opaque,74,56,138,#4A388A
D16,MD16,opaque,220,232,246,#DCE8F6
D17,MD17,opaque,174,206,240,#AECEF0
D18,MD18,opaque,179,142,219,#B38EDB
D19,MD19,opaque,232,210,234,#E8D2EA
D20,MD20,opaque,180,96,195,#B460C3
D21,MD21,opaque,132,42,148,#842A94
D22,MD22,opaque,75,94,158,#4B5E9E
D23,MD23,opaque,214,210,226,#D6D2E2
D24,MD24,opaque,119,118,209,#7776D1
D25,MD25,opaque,56,55,168,#3837A8
D26,MD26,opaque,221,200,221,#DDC8DD
E1,ME1,opaque,253,214,201,#FDD6C9
E2,ME2,opaque,255,216,244,#FFD8F4
E3,ME3,opaque,255,160,195,#FFA0C3
E4,ME4,opaque,246,122,171,#F67AAB
E5,ME5,opaque,218,91,149,#DA5B95
E6,ME6,opaque,255,75,120,#FF4B78
E7,ME7,opaque,158,21,107,#9E156B
E8,ME8,opaque,255,225,230,#FFE1E6
E9,ME9,opaque,243,120,202,#F378CA
E10,ME10,opaque,190,49,109,#BE316D
E11,ME11,opaque,255,232,218,#FFE8DA
E12,ME12,opaque,255,165,198,#FFA5C6
E13,ME13,opaque,181,56,131,#B53883
E14,ME14,opaque,255,221,199,#FFDDC7
E15,ME15,opaque,229,198,208,#E5C6D0
E16,ME16,opaque,249,242,235,#F9F2EB
E17,ME17,opaque,231,220,230,#E7DCE6
E18,ME18,opaque,255,211,230,#FFD3E6
E19,ME19,opaque,255,213,236,#FFD5EC
E20,ME20,opaque,243,220,232,#F3DCE8
E21,ME21,opaque,189,156,163,#BD9CA3
E22,ME22,opaque,197,120,165,#C578A5
E23,ME23,opaque,163,122,155,#A37A9B
E24,ME24,opaque,244,232,255,#F4E8FF
F1,MF1,opaque,255,127,103,#FF7F67
F2,MF2,opaque,255,93,70,#FF5D46
F3,MF3,opaque,227,86,74,#E3564A
F4,MF4,opaque,199,39,13,#C7270D
F5,MF5,opaque,190,10,39,#BE0A27
F6,MF6,opaque,131,65,30,#83411E
F7,MF7,opaque,115,0,55,#730037
F8,MF8,opaque,171,0,34,#AB0022
F9,MF9,opaque,222,121,149,#DE7995
F10,MF10,opaque,171,97,60,#AB613C
F11,MF11,opaque,92,41,41,#5C2929
F12,MF12,opaque,243,68,97,#F34461
F13,MF13,opaque,198,66,57,#C64239
F14,MF14,opaque,255,165,187,#FFA5BB
F15,MF15,opaque,188,0,24,#BC0018
F16,MF16,opaque,255,215,203,#FFD7CB
F17,MF17,opaque,241,157,138,#F19D8A
F18,MF18,opaque,220,123,69,#DC7B45
F19,MF19,opaque,199,70,81,#C74651
F20,MF20,opaque,216,168,158,#D8A89E
F21,MF21,opaque,235,157,185,#EB9DB9
F22,MF22,opaque,255,212,212,#FFD4D4
F23,MF23,opaque,234,132,116,#EA8474
F24,MF24,opaque,247,193,197,#F7C1C5
F25,MF25,opaque,252,87,104,#FC5768
G1,MG1,opaque,255,231,200,#FFE7C8
G2,MG2,opaque,255,214,195,#FFD6C3
G3,MG3,opaque,238,182,148,#EEB694
G4,MG4,opaque,217,165,140,#D9A58C
G5,MG5,opaque,244,150,48,#F49630
G6,MG6,opaque,241,153,55,#F19937
G7,MG7,opaque,172,116,91,#AC745B
G8,MG8,opaque,105,74,66,#694A42
G9,MG9,opaque,247,204,157,#F7CC9D
G10,MG10,opaque,199,131,47,#C7832F
G11,MG11,opaque,211,195,145,#D3C391
G12,MG12,opaque,230,185,134,#E6B986
G13,MG13,opaque,198,123,79,#C67B4F
G14,MG14,opaque,141,98,66,#8D6242
G15,MG15,opaque,246,247,226,#F6F7E2
G16,MG16,opaque,242,231,215,#F2E7D7
G17,MG17,opaque,120,101,98,#786562
G18,MG18,opaque,254,245,235,#FEF5EB
G19,MG19,opaque,240,171,71,#F0AB47
G20,MG20,opaque,174,105,73,#AE6949
G21,MG21,opaque,191,140,110,#BF8C6E
H1,MH1,transparent,,,,,
H2,MH2,opaque,255,255,255,#FFFFFF
H3,MH3,opaque,155,155,155,#9B9B9B
H4,MH4,opaque,109,109,109,#6D6D6D
H5,MH5,opaque,77,77,77,#4D4D4D
H6,MH6,opaque,58,58,58,#3A3A3A
H7,MH7,opaque,0,0,0,#000000
H8,MH8,opaque,255,240,241,#FFF0F1
H9,MH9,opaque,227,230,223,#E3E6DF
H10,MH10,opaque,226,224,231,#E2E0E7
H11,MH11,opaque,188,184,181,#BCB8B5
H12,MH12,opaque,247,243,225,#F7F3E1
H13,MH13,opaque,234,221,200,#EADDC8
H14,MH14,opaque,184,200,197,#B8C8C5
H15,MH15,opaque,153,171,172,#99ABAC
H16,MH16,opaque,68,66,54,#444236
H17,MH17,opaque,250,251,245,#FAFBF5
H18,MH18,opaque,254,254,238,#FEFEEE
H19,MH19,opaque,251,242,228,#FBF2E4
H20,MH20,opaque,158,174,173,#9EAEAD
H21,MH21,opaque,253,255,242,#FDFFF2
H22,MH22,opaque,237,237,231,#EDEDE7
H23,MH23,opaque,180,184,167,#B4B8A7
M1,MM1,opaque,174,187,168,#AEBBA8
M2,MM2,opaque,114,147,118,#729376
M3,MM3,opaque,106,136,144,#6A8890
M4,MM4,opaque,190,179,157,#BEB39D
M5,MM5,opaque,184,183,140,#B8B78C
M6,MM6,opaque,178,172,147,#B2AC93
M7,MM7,opaque,188,159,148,#BC9F94
M8,MM8,opaque,150,131,129,#968381
M9,MM9,opaque,179,157,136,#B39D88
M10,MM10,opaque,183,150,163,#B796A3
M11,MM11,opaque,176,150,185,#B096B9
M12,MM12,opaque,104,89,81,#685951
M13,MM13,opaque,199,149,130,#C79582
M14,MM14,opaque,202,105,79,#CA694F
M15,MM15,opaque,146,159,169,#929FA9
